Month,Total,Average Count
1,90266,960.2765957446809
2,87310,1027.1764705882354
3,107233,1153.0430107526881
4,114486,1192.5625
5,174043,1403.5725806451612
6,196495,1637.4583333333333
7,195373,1575.5887096774193
8,188508,1508.064
9,174183,1451.525
10,161960,1306.1290322580646
11,143112,1212.8135593220338
12,110923,1192.720430107527
